{"cameraMode":{"drawMode":0,"name":"Shaded","section":"Shading Mode"},"sceneLighting":false,"audioPlay":false,"sceneViewState":{"m_AlwaysRefresh":false,"showFog":true,"showSkybox":false,"showFlares":true,"showImageEffects":true,"showParticleSystems":true,"showVisualEffectGraphs":true,"m_FxEnabled":true},"in2DMode":false,"pivot":{"x":-0.026700735092163087,"y":0.05422193557024002,"z":-0.027903854846954347},"rotation":{"x":0.21488510072231294,"y":0.015233760699629784,"z":-0.0033556728158146145,"w":0.9765268564224243},"size":0.5393255949020386,"orthographic":false}