{"cameraMode":{"drawMode":0,"name":"Shaded","section":"Shading Mode"},"sceneLighting":true,"audioPlay":false,"sceneViewState":{"m_AlwaysRefresh":false,"showFog":true,"showSkybox":true,"showFlares":true,"showImageEffects":true,"showParticleSystems":true,"showVisualEffectGraphs":true,"m_FxEnabled":true},"in2DMode":false,"pivot":{"x":6.234509468078613,"y":-1.2042875289916993,"z":-21.01644515991211},"rotation":{"x":0.0018969497177749873,"y":0.9952551126480103,"z":-0.096438467502594,"w":0.019086061045527459},"size":7.723628997802734,"orthographic":false}