{"cameraMode":{"drawMode":0,"name":"Shaded","section":"Shading Mode"},"sceneLighting":false,"audioPlay":false,"sceneViewState":{"m_AlwaysRefresh":false,"showFog":true,"showSkybox":false,"showFlares":true,"showImageEffects":true,"showParticleSystems":true,"showVisualEffectGraphs":true,"m_FxEnabled":true},"in2DMode":false,"pivot":{"x":-0.280095636844635,"y":0.6661142110824585,"z":-0.050255775451660159},"rotation":{"x":0.09932541847229004,"y":-0.8946675658226013,"z":0.3595488369464874,"w":0.24640211462974549},"size":1.567662239074707,"orthographic":false}