{"cameraMode":{"drawMode":0,"name":"Shaded","section":"Shading Mode"},"sceneLighting":false,"audioPlay":false,"sceneViewState":{"m_AlwaysRefresh":false,"showFog":true,"showSkybox":false,"showFlares":true,"showImageEffects":true,"showParticleSystems":true,"showVisualEffectGraphs":true,"m_FxEnabled":true},"in2DMode":false,"pivot":{"x":-0.0199965238571167,"y":1.6536061763763428,"z":0.4791020154953003},"rotation":{"x":-0.17019154131412507,"y":0.001172460149973631,"z":0.00005324280937202275,"w":-0.9855488538742065},"size":4.525132179260254,"orthographic":false}